{"name":"847a024a-f61d-40ab-b973-53391077773c","id":"/providers/Microsoft.Flow/flows/847a024a-f61d-40ab-b973-53391077773c","type":"Microsoft.Flow/flows","properties":{"apiId":"/providers/Microsoft.PowerApps/apis/shared_logicflows","displayName":"Invite WhatsApp contact to new Outlook meeting","definition":{"metadata":{"workflowEntityId":null,"processAdvisorMetadata":null,"flowclientsuspensionreason":"None","flowclientsuspensiontime":null,"creator":{"id":"b920bd2c-88e2-4602-bf20-dded3c0b7239","type":"User","tenantId":"8389fdd5-f9f7-470b-90cb-6e86cc3b9c83"},"provisioningMethod":"FromDefinition","failureAlertSubscription":true,"clientLastModifiedTime":"2021-06-30T20:51:01.7472176Z"},"$schema":"https://schema.management.azure.com/providers/Microsoft.Logic/schemas/2016-06-01/workflowdefinition.json#","contentVersion":"1.0.0.0","parameters":{"$connections":{"defaultValue":{},"type":"Object"},"$authentication":{"defaultValue":{},"type":"SecureObject"}},"triggers":{"When_an_event_is_added,_updated_or_deleted_(V2)":{"splitOn":"@triggerOutputs()?['body/value']","type":"OpenApiConnectionNotification","inputs":{"host":{"apiId":"/providers/Microsoft.PowerApps/apis/shared_outlook","connectionName":"shared_outlook","operationId":"CalendarGetOnChangedItemsV2"},"parameters":{"table":"AQMkADAwATM3ZmYAZS0zYWRjLTQ3MWMtMDACLTAwCgBGAAAD13QqlbeBbkyq36pfxUKJwAcAXGy67vYB5EO5-GcYmcY1KAAAAgEGAAAAXGy67vYB5EO5-GcYmcY1KAAAAg3yAAAA","incomingDays":300,"pastDays":50},"authentication":"@parameters('$authentication')"}}},"actions":{"Condition":{"actions":{"Compose":{"runAfter":{},"type":"Compose","inputs":"@array(split(triggerBody()?['RequiredAttendees'], ';'))"},"Filter_array":{"runAfter":{"Compose":["Succeeded"]},"type":"Query","inputs":{"from":"@outputs('Compose')","where":"@equals(empty(item()),false)"}},"Set_variable":{"runAfter":{"Filter_array":["Succeeded"]},"type":"SetVariable","inputs":{"name":"Attendees","value":"@body('Filter_array')"}},"Apply_to_each":{"foreach":"@variables('Attendees')","actions":{"Get_contacts":{"runAfter":{},"type":"OpenApiConnection","inputs":{"host":{"apiId":"/providers/Microsoft.PowerApps/apis/shared_outlook","connectionName":"shared_outlook","operationId":"ContactGetItems"},"parameters":{"table":"AQMkADAwATM3ZmYAZS0zYWRjLTQ3MWMtMDACLTAwCgAuAAAD13QqlbeBbkyq36pfxUKJwAEAXGy67vYB5EO5-GcYmcY1KAAAAgEOAAAA","$filter":"emailAddresses/any(a:a/address eq '@{items('Apply_to_each')}')","$top":1},"authentication":"@parameters('$authentication')"}},"Send_message":{"foreach":"@outputs('Get_contacts')?['body/value']","actions":{"Send_WhatsApp_Template_message":{"runAfter":{},"type":"OpenApiConnection","inputs":{"host":{"apiId":"/providers/Microsoft.PowerApps/apis/shared_tyntecwa","connectionName":"shared_tyntecwa_1","operationId":"SendWhatsApp"},"parameters":{"body/to":"@items('Send_message')?['MobilePhone1']","body/channels":["whatsapp"],"body/whatsapp/from":"your waba","body/whatsapp/template/templateId":"invite template id","body/whatsapp/template/language/policy":"deterministic","body/whatsapp/template/language/code":"en","body/whatsapp/template/components":[{"type":"body","parameters":[{"type":"text","text":"@{triggerOutputs()?['body/WebLink']} <--- change to the value where is the URL invite link "}]}]},"authentication":"@parameters('$authentication')"}}},"runAfter":{"Get_contacts":["Succeeded"]},"type":"Foreach"}},"runAfter":{"Set_variable":["Succeeded"]},"type":"Foreach"}},"runAfter":{"Initialize_variable":["Succeeded"]},"expression":{"contains":["@triggerOutputs()?['body/Subject']",""]},"type":"If"},"Initialize_variable":{"runAfter":{},"type":"InitializeVariable","inputs":{"variables":[{"name":"Attendees","type":"array"}]}}},"outputs":{}},"connectionReferences":{"shared_outlook":{"connectionName":"shared-outlook-78f2674c-886c-4940-99bf-c3e1-3c911b3f","source":"Embedded","id":"/providers/Microsoft.PowerApps/apis/shared_outlook","tier":"NotSpecified"},"shared_tyntecwa_1":{"connectionName":"shared-tyntecwa-72429b05-1c98-4595-b5ca-faeb-4490c15c","source":"Embedded","id":"/providers/Microsoft.PowerApps/apis/shared_tyntecwa","tier":"NotSpecified"}},"flowFailureAlertSubscribed":false}}